producto,total_ventas
Jugo,14077761.929999944
Zapatos,13422793.140000109
Pantalón,12896964.899999991
Cronómetro,12878846.460000005
Chaqueta,12840279.479999956
Raqueta,12554797.229999907
Sudadera,12441302.190000072
Pasta,12374073.629999917
Disco Duro,12230570.699999975
Auriculares,11452269.779999994
