sucursal,total_ventas
Ciudad de Guatemala,39583693.97999993
San Salvador,39442895.73000004
San José,39330853.53000003
Tegucigalpa,39087384.15000011
