pais,total_ventas
Costa Rica,119191753.34999877
Honduras,118174314.59999597
Guatemala,117910616.5800004
El Salvador,117057797.63999844
